employee_id,first_name,last_name,email,department_id,location_id
1,Danielle,Johnson,danielle.johnson@company.com,2,1
2,Joshua,Walker,joshua.walker@company.com,5,2
3,Jill,Rhodes,jill.rhodes@company.com,4,2
4,Patricia,Miller,patricia.miller@company.com,2,5
5,Robert,Johnson,robert.johnson@company.com,2,5
6,Jeffery,Wagner,jeffery.wagner@company.com,7,1
7,Anthony,Gonzalez,anthony.gonzalez@company.com,1,1
8,Debra,Gardner,debra.gardner@company.com,4,2
9,Jeffrey,Lawrence,jeffrey.lawrence@company.com,9,5
10,Lisa,Smith,lisa.smith@company.com,1,5
11,Linda,Wolfe,linda.wolfe@company.com,4,5
12,Matthew,Moore,matthew.moore@company.com,7,2
13,Susan,Rogers,susan.rogers@company.com,8,5
14,Christopher,Davis,christopher.davis@company.com,5,1
15,Melanie,Munoz,melanie.munoz@company.com,3,4
16,Lindsay,Blair,lindsay.blair@company.com,6,3
17,Amanda,Dudley,amanda.dudley@company.com,3,2
18,Nicholas,Arnold,nicholas.arnold@company.com,6,1
19,Maria,Montgomery,maria.montgomery@company.com,2,4
20,Michelle,Ray,michelle.ray@company.com,2,3
21,Janet,Williams,janet.williams@company.com,6,5
22,Jeremy,Roberts,jeremy.roberts@company.com,5,1
23,Christopher,Hall,christopher.hall@company.com,8,5
24,Craig,Ramirez,craig.ramirez@company.com,2,4
25,Cynthia,Diaz,cynthia.diaz@company.com,2,5
26,Mitchell,Clark,mitchell.clark@company.com,5,5
27,Joseph,Zuniga,joseph.zuniga@company.com,6,5
28,Deborah,Lynch,deborah.lynch@company.com,4,1
29,George,Daniel,george.daniel@company.com,1,2
30,Frank,Gray,frank.gray@company.com,5,1
31,Veronica,Bowman,veronica.bowman@company.com,4,1
32,Angela,Cohen,angela.cohen@company.com,7,3
33,Megan,Parsons,megan.parsons@company.com,8,3
34,Jeremy,Johnson,jeremy.johnson@company.com,3,3
35,Leslie,Adams,leslie.adams@company.com,6,2
36,Jason,Hahn,jason.hahn@company.com,5,1
37,Nancy,Edwards,nancy.edwards@company.com,10,2
38,Diana,Foster,diana.foster@company.com,9,2
39,Robin,Ellis,robin.ellis@company.com,3,4
40,Joseph,Wright,joseph.wright@company.com,7,3
41,Anna,Baker,anna.baker@company.com,9,2
42,Brenda,Hurst,brenda.hurst@company.com,6,1
43,Reginald,Robinson,reginald.robinson@company.com,4,1
44,Whitney,Hicks,whitney.hicks@company.com,6,4
45,Christopher,Williams,christopher.williams@company.com,5,1
46,Daniel,Burton,daniel.burton@company.com,4,5
47,Laura,Henderson,laura.henderson@company.com,6,2
48,Bryan,James,bryan.james@company.com,8,4
49,Wendy,Rice,wendy.rice@company.com,8,2
50,Tasha,Valencia,tasha.valencia@company.com,5,2
51,Alexander,Le,alexander.le@company.com,4,5
52,Erin,Herrera,erin.herrera@company.com,9,3
53,Joseph,Davidson,joseph.davidson@company.com,10,4
54,Daniel,Graham,daniel.graham@company.com,10,4
55,Shawn,Mckay,shawn.mckay@company.com,6,2
56,Nancy,Baker,nancy.baker@company.com,3,5
57,Vincent,White,vincent.white@company.com,8,1
58,Rita,Harrell,rita.harrell@company.com,1,1
59,Kenneth,Fowler,kenneth.fowler@company.com,3,2
60,Chelsea,Hernandez,chelsea.hernandez@company.com,7,5
61,Kathryn,Ryan,kathryn.ryan@company.com,2,4
62,Kimberly,Moreno,kimberly.moreno@company.com,7,5
63,Aaron,Nguyen,aaron.nguyen@company.com,8,5
64,Andrew,Hickman,andrew.hickman@company.com,5,5
65,Natasha,Decker,natasha.decker@company.com,1,1
66,Kyle,Brown,kyle.brown@company.com,9,3
67,Natalie,Arroyo,natalie.arroyo@company.com,6,1
68,Christopher,Tucker,christopher.tucker@company.com,5,4
69,Chad,Hodges,chad.hodges@company.com,3,4
70,Katie,Anderson,katie.anderson@company.com,1,3
71,Thomas,Pierce,thomas.pierce@company.com,9,2
72,Joseph,Brennan,joseph.brennan@company.com,9,1
73,Rodney,Lewis,rodney.lewis@company.com,5,5
74,Amber,Blair,amber.blair@company.com,10,2
75,James,Collins,james.collins@company.com,3,3
76,Wanda,Santos,wanda.santos@company.com,3,5
77,Samuel,Holmes,samuel.holmes@company.com,9,1
78,David,Walker,david.walker@company.com,10,3
79,Matthew,Chapman,matthew.chapman@company.com,8,1
80,Jerry,Robinson,jerry.robinson@company.com,2,3
81,Chad,Welch,chad.welch@company.com,5,2
82,Jeremy,Whitehead,jeremy.whitehead@company.com,1,2
83,Michele,Jones,michele.jones@company.com,10,1
84,John,Caldwell,john.caldwell@company.com,2,4
85,Jason,Anderson,jason.anderson@company.com,2,5
86,Selena,Duncan,selena.duncan@company.com,3,2
87,Thomas,Mueller,thomas.mueller@company.com,8,5
88,Lindsey,Lee,lindsey.lee@company.com,3,3
89,Collin,Jordan,collin.jordan@company.com,9,5
90,Rodney,Owens,rodney.owens@company.com,7,2
91,Jessica,Nunez,jessica.nunez@company.com,9,2
92,Tracey,Garcia,tracey.garcia@company.com,5,4
93,Richard,Morgan,richard.morgan@company.com,6,4
94,Michelle,Wright,michelle.wright@company.com,9,4
95,James,West,james.west@company.com,2,2
96,Robert,Ramirez,robert.ramirez@company.com,4,1
97,John,Leblanc,john.leblanc@company.com,6,1
98,Scott,Callahan,scott.callahan@company.com,10,5
99,Andrea,Williams,andrea.williams@company.com,4,5
100,Yvette,Huff,yvette.huff@company.com,4,1
101,Tanya,House,tanya.house@company.com,2,1
102,Melinda,Martin,melinda.martin@company.com,4,1
103,Todd,Lewis,todd.lewis@company.com,1,3
104,Richard,Brown,richard.brown@company.com,2,5
105,Nicholas,Galloway,nicholas.galloway@company.com,4,3
106,Joseph,Bowers,joseph.bowers@company.com,8,2
107,Spencer,Henderson,spencer.henderson@company.com,9,2
108,Susan,Cowan,susan.cowan@company.com,10,5
109,Angela,Higgins,angela.higgins@company.com,8,2
110,Eric,Phillips,eric.phillips@company.com,8,4
111,Tanya,Riley,tanya.riley@company.com,4,1
112,Amy,Adkins,amy.adkins@company.com,2,4
113,Brian,Silva,brian.silva@company.com,6,4
114,Wesley,Farrell,wesley.farrell@company.com,7,4
115,Eric,Yu,eric.yu@company.com,1,1
116,Christopher,Lopez,christopher.lopez@company.com,1,4
117,Brooke,Leonard,brooke.leonard@company.com,6,1
118,Joe,Wilson,joe.wilson@company.com,4,2
119,Pamela,Sanchez,pamela.sanchez@company.com,4,5
120,Brooke,Harvey,brooke.harvey@company.com,8,2
121,Robert,Silva,robert.silva@company.com,7,2
122,Alexandra,Donovan,alexandra.donovan@company.com,5,4
123,James,Moran,james.moran@company.com,4,1
124,John,Foster,john.foster@company.com,8,5
125,Emily,Evans,emily.evans@company.com,2,1
126,Leslie,Walton,leslie.walton@company.com,9,1
127,Charles,Ellis,charles.ellis@company.com,2,2
128,Yolanda,Ferrell,yolanda.ferrell@company.com,3,4
129,Charles,Lewis,charles.lewis@company.com,8,4
130,Joseph,Mahoney,joseph.mahoney@company.com,4,4
131,Nicole,Suarez,nicole.suarez@company.com,1,2
132,Mike,Moore,mike.moore@company.com,7,1
133,Martha,Warner,martha.warner@company.com,7,3
134,Cheryl,Archer,cheryl.archer@company.com,8,3
135,Destiny,Smith,destiny.smith@company.com,7,5
136,Lisa,Evans,lisa.evans@company.com,8,2
137,Elizabeth,Mcmillan,elizabeth.mcmillan@company.com,4,3
138,Dennis,Wilson,dennis.wilson@company.com,4,1
139,Daniel,Tran,daniel.tran@company.com,10,5
140,Joseph,Jacobs,joseph.jacobs@company.com,1,3
141,Jennifer,Harris,jennifer.harris@company.com,1,1
142,Cynthia,Baker,cynthia.baker@company.com,10,4
143,Tracy,Whitehead,tracy.whitehead@company.com,9,5
144,Meghan,Davis,meghan.davis@company.com,3,1
145,Rodney,Hill,rodney.hill@company.com,9,1
146,Adam,Wise,adam.wise@company.com,3,1
147,Dana,Green,dana.green@company.com,10,1
148,Joyce,Arnold,joyce.arnold@company.com,4,4
149,Ronald,Smith,ronald.smith@company.com,2,5
150,Charles,Ware,charles.ware@company.com,4,5
151,Rebecca,Gardner,rebecca.gardner@company.com,10,1
152,Mary,Aguilar,mary.aguilar@company.com,10,1
153,Earl,Anderson,earl.anderson@company.com,7,5
154,Kyle,Nolan,kyle.nolan@company.com,10,5
155,Laura,Valencia,laura.valencia@company.com,6,3
156,Rachel,Clark,rachel.clark@company.com,4,3
157,John,Garcia,john.garcia@company.com,4,3
158,Kimberly,Henson,kimberly.henson@company.com,7,2
159,Richard,Oliver,richard.oliver@company.com,5,4
160,Eric,Spears,eric.spears@company.com,6,1
161,Michelle,Cherry,michelle.cherry@company.com,1,4
162,Lisa,Keith,lisa.keith@company.com,10,5
163,Angel,Doyle,angel.doyle@company.com,2,1
164,Martin,Galvan,martin.galvan@company.com,9,2
165,Leah,Shields,leah.shields@company.com,9,3
166,Lisa,Adams,lisa.adams@company.com,3,3
167,Kristin,Rodriguez,kristin.rodriguez@company.com,2,2
168,Monica,Garrison,monica.garrison@company.com,6,3
169,Jeffrey,Velasquez,jeffrey.velasquez@company.com,3,4
170,Steven,Torres,steven.torres@company.com,9,3
171,Laura,Perez,laura.perez@company.com,10,5
172,Andrew,Lee,andrew.lee@company.com,1,5
173,Mark,Lin,mark.lin@company.com,5,1
174,Tammy,Ramirez,tammy.ramirez@company.com,3,3
175,Darlene,Ross,darlene.ross@company.com,2,1
176,Tina,Herrera,tina.herrera@company.com,9,2
177,Sheila,Wilson,sheila.wilson@company.com,5,3
178,Tara,White,tara.white@company.com,10,2
179,Sydney,Baker,sydney.baker@company.com,6,2
180,Daniel,Hamilton,daniel.hamilton@company.com,5,5
181,Jessica,Edwards,jessica.edwards@company.com,8,3
182,Catherine,Dixon,catherine.dixon@company.com,1,1
183,Paul,Ray,paul.ray@company.com,7,3
184,Jonathan,Fletcher,jonathan.fletcher@company.com,1,1
185,Aaron,Frost,aaron.frost@company.com,6,2
186,Amanda,Ball,amanda.ball@company.com,5,2
187,Judy,Lambert,judy.lambert@company.com,8,5
188,Michael,Jones,michael.jones@company.com,7,5
189,Elizabeth,Rivera,elizabeth.rivera@company.com,1,1
190,Lee,Charles,lee.charles@company.com,2,2
191,Jennifer,Evans,jennifer.evans@company.com,9,1
192,Kyle,Ortiz,kyle.ortiz@company.com,6,5
193,Richard,Phillips,richard.phillips@company.com,9,2
194,David,Fisher,david.fisher@company.com,7,2
195,Shelby,Byrd,shelby.byrd@company.com,1,3
196,Raven,Gilbert,raven.gilbert@company.com,6,1
197,Kevin,Kelley,kevin.kelley@company.com,6,2
198,Aaron,Mitchell,aaron.mitchell@company.com,4,1
199,Russell,Carpenter,russell.carpenter@company.com,6,5
200,Diana,Marshall,diana.marshall@company.com,7,5
201,Scott,Lewis,scott.lewis@company.com,3,2
202,Thomas,Santana,thomas.santana@company.com,3,2
203,Laura,Jackson,laura.jackson@company.com,7,1
204,Christopher,Robertson,christopher.robertson@company.com,3,3
205,Cynthia,Rogers,cynthia.rogers@company.com,7,2
206,Loretta,Potter,loretta.potter@company.com,5,2
207,Emily,Walker,emily.walker@company.com,2,4
208,James,Johnson,james.johnson@company.com,1,4
209,John,Alvarez,john.alvarez@company.com,4,2
210,Melissa,Jones,melissa.jones@company.com,8,3
211,Robert,Soto,robert.soto@company.com,5,2
212,James,Horton,james.horton@company.com,4,1
213,Troy,Sanchez,troy.sanchez@company.com,4,4
214,Diana,Smith,diana.smith@company.com,6,3
215,Karen,Carrillo,karen.carrillo@company.com,2,3
216,Daniel,Coleman,daniel.coleman@company.com,6,5
217,Gregory,Rubio,gregory.rubio@company.com,7,5
218,April,Williams,april.williams@company.com,6,1
219,John,Charles,john.charles@company.com,2,3
220,Stephen,Solis,stephen.solis@company.com,3,5
221,Elizabeth,Travis,elizabeth.travis@company.com,5,1
222,Caitlin,Dodson,caitlin.dodson@company.com,2,5
223,Patricia,Salazar,patricia.salazar@company.com,7,3
224,Jennifer,Wagner,jennifer.wagner@company.com,6,4
225,Maria,Kelley,maria.kelley@company.com,10,5
226,Phyllis,Manning,phyllis.manning@company.com,2,4
227,Thomas,Green,thomas.green@company.com,10,2
228,John,Walsh,john.walsh@company.com,5,1
229,Katie,Boyd,katie.boyd@company.com,7,1
230,Courtney,Hill,courtney.hill@company.com,9,5
231,Chris,Mitchell,chris.mitchell@company.com,4,3
232,Joseph,Flores,joseph.flores@company.com,7,1
233,Amber,Taylor,amber.taylor@company.com,6,5
234,Jesse,Benson,jesse.benson@company.com,6,1
235,Jasmine,Brown,jasmine.brown@company.com,5,5
236,Rick,Daniels,rick.daniels@company.com,5,4
237,Robert,Clark,robert.clark@company.com,6,4
238,Robert,Stein,robert.stein@company.com,5,5
239,Brandy,Dominguez,brandy.dominguez@company.com,3,2
240,Melissa,Cannon,melissa.cannon@company.com,7,4
241,Omar,Smith,omar.smith@company.com,3,5
242,Michael,Molina,michael.molina@company.com,10,3
243,Melissa,Ashley,melissa.ashley@company.com,7,5
244,Robert,Adkins,robert.adkins@company.com,1,3
245,Amy,Morrison,amy.morrison@company.com,5,2
246,Jeffrey,Robinson,jeffrey.robinson@company.com,7,5
247,Ryan,Johnson,ryan.johnson@company.com,10,3
248,Matthew,Shelton,matthew.shelton@company.com,8,4
249,Richard,Martin,richard.martin@company.com,8,2
250,Tanner,Anderson,tanner.anderson@company.com,9,4
251,Cindy,Johnson,cindy.johnson@company.com,3,1
252,Phillip,Elliott,phillip.elliott@company.com,5,5
253,Anthony,Day,anthony.day@company.com,10,3
254,Derek,Murray,derek.murray@company.com,2,2
255,Brent,Gray,brent.gray@company.com,5,2
256,Jason,Murphy,jason.murphy@company.com,4,2
257,Kathleen,Gray,kathleen.gray@company.com,1,1
258,Karen,Decker,karen.decker@company.com,4,4
259,Johnny,Miller,johnny.miller@company.com,10,1
260,Andrew,Ryan,andrew.ryan@company.com,8,4
261,Zoe,Bell,zoe.bell@company.com,10,2
262,Debra,Harrington,debra.harrington@company.com,7,4
263,Denise,Webster,denise.webster@company.com,7,2
264,Stefanie,Gonzalez,stefanie.gonzalez@company.com,3,1
265,Andrew,Hernandez,andrew.hernandez@company.com,2,4
266,David,Caldwell,david.caldwell@company.com,4,2
267,Anne,Robinson,anne.robinson@company.com,9,4
268,Holly,Wang,holly.wang@company.com,1,5
269,Gary,Lawson,gary.lawson@company.com,4,1
270,Julie,Wilson,julie.wilson@company.com,8,2
271,Lori,Oconnell,lori.oconnell@company.com,8,5
272,Daniel,Johnson,daniel.johnson@company.com,9,5
273,Larry,Byrd,larry.byrd@company.com,6,4
274,Susan,Sanders,susan.sanders@company.com,10,5
275,Jennifer,Jones,jennifer.jones@company.com,7,5
276,Hannah,Burton,hannah.burton@company.com,8,2
277,Curtis,Barton,curtis.barton@company.com,8,4
278,Melissa,Burke,melissa.burke@company.com,5,2
279,David,Riggs,david.riggs@company.com,5,5
280,Kimberly,Reed,kimberly.reed@company.com,8,2
281,Ross,Wood,ross.wood@company.com,5,4
282,William,Peterson,william.peterson@company.com,2,3
283,Melissa,Short,melissa.short@company.com,4,3
284,Daniel,Yu,daniel.yu@company.com,6,3
285,Cynthia,Poole,cynthia.poole@company.com,9,1
286,Jasmine,Graham,jasmine.graham@company.com,3,2
287,Jessica,Sheppard,jessica.sheppard@company.com,4,4
288,Joseph,Morton,joseph.morton@company.com,3,2
289,Amanda,Webb,amanda.webb@company.com,2,4
290,Ryan,Simon,ryan.simon@company.com,7,3
291,Joseph,Christian,joseph.christian@company.com,9,4
292,Mariah,Miller,mariah.miller@company.com,7,1
293,Nicole,Sanchez,nicole.sanchez@company.com,4,4
294,Steven,Bishop,steven.bishop@company.com,7,5
295,Nicholas,Johnson,nicholas.johnson@company.com,1,5
296,Melissa,White,melissa.white@company.com,7,4
297,Jason,Salinas,jason.salinas@company.com,1,3
298,Matthew,Beard,matthew.beard@company.com,5,4
299,Jacqueline,Hill,jacqueline.hill@company.com,7,5
300,Alejandro,Vaughan,alejandro.vaughan@company.com,9,5
